CountryName,countrycode,weights,GHG_unit,GHG
Afghanistan,AFG,0.000135666193806,16095049,0.016095049
Albania,ALB,0.000142519831963,13341304,0.013341304
Algeria,DZA,0.002441496460292,158310030,0.15831003
Andorra,AND,4.45621674920959E-05,137880.61,0.00013788061
Angola,AGO,0.00089721435356,49152972,0.049152972
Antigua and Barbuda,ATG,2.24620752752142E-05,370377.88,0.00037037788
Argentina,ARG,0.008020143240339,302309380,0.30230938
Armenia,ARM,0.000115722033043,13082020,0.01308202
Aruba,ABW,4.79915295508083E-05,639965.44,0.00063996544
Australia,AUS,0.018072196991321,491474850,0.49147485
Austria,AUT,0.005916707111447,66219010,0.06621901
Azerbaijan,AZE,0.000472164270952,67439610,0.06743961
"Bahamas, The",BHS,0.000190124026874,1803491.1,0.0018034911
Bahrain,BHR,0.00037556874899,27319436,0.027319436
Bangladesh,BGD,0.00217141636565,141959000,0.141959
Barbados,BRB,9.27110251117525E-05,1260873.4,0.0012608734
Belarus,BLR,0.000644486549182,159433570,0.15943357
Belgium,BEL,0.007122493202712,129387300,0.1293873
Belize,BLZ,2.74681634317557E-05,6115267,0.006115267
Benin,BEN,0.000140863857354,15857552,0.015857552
Bhutan,BTN,2.05837011822628E-05,6973797,0.006973797
Bolivia,BOL,0.000389177776282,74792380,0.07479238
Bosnia and Herzegovina,BIH,0.00018818900617,26417552,0.026417552
Botswana,BWA,0.000177508710096,10876008,0.010876008
Brazil,BRA,0.024881726779901,1625487700,1.6254877
Brunei Darussalam,BRN,0.000232541061156,11629474,0.011629474
Bulgaria,BGR,0.000775334758902,113218856,0.113218856
Burkina Faso,BFA,0.000130738260345,31439214,0.031439214
Burundi,BDI,4.64589697739196E-05,7677510,0.00767751
Cabo Verde,CPV,1.94328526134059E-05,301408.75,0.00030140875
Cambodia,KHM,0.000242012093999,103874440,0.10387444
Cameroon,CMR,0.000405372749545,53162944,0.053162944
Canada,CAN,0.022685670260409,732954300,0.7329543
Central African Republic,CAF,3.29272826357577E-05,21178868,0.021178868
Chad,TCD,0.000102893751837,18162710,0.01816271
Chile,CHL,0.002860848351535,57794340,0.05779434
China,CHN,0.096503051934945,4384561184,4.384561184
Colombia,COL,0.00362078298677,162666720,0.16266672
Comoros,COM,1.34126751731711E-05,553628.9,0.0005536289
"Congo, Dem. Rep.",COD,0.000504450698918,178605380,0.17860538
"Congo, Rep.",COG,0.000144911942517,18828392,0.018828392
Costa Rica,CRI,0.000679107517836,15054856,0.015054856
Cote d'Ivoire,CIV,0.000616422021692,152138940,0.15213894
Croatia,HRV,0.000773158850633,29791080,0.02979108
Cuba,CUB,0.001100183272266,99360110,0.09936011
Cyprus,CYP,0.000309832711105,3378329,0.003378329
Czechia,CZE,0.002575983370669,200329660,0.20032966
Denmark,DNK,0.004910725890473,70866160,0.07086616
Djibouti,DJI,1.06645635967202E-05,1207340.1,0.0012073401
Dominica,DMA,8.31969352506707E-06,112826.484,0.000112826484
Dominican Republic,DOM,0.000813663442221,21711880,0.02171188
Ecuador,ECU,0.001189892197293,85531440,0.08553144
"Egypt, Arab Rep.",EGY,0.00403433875893,131551580,0.13155158
El Salvador,SLV,0.000344371545131,9457073,0.009457073
Equatorial Guinea,GNQ,0.000109358861466,1001892.8,0.0010018928
Eritrea,ERI,2.13840640833375E-05,4574526.5,0.0045745265
Estonia,EST,0.000299502859553,42539110,0.04253911
Eswatini,SWZ,5.07802584652273E-05,3437098.5,0.0034370985
Ethiopia,ETH,0.00060502563566,74708050,0.07470805
Fiji,FJI,6.6213960486687E-05,5375280,0.00537528
Finland,FIN,0.003700446180372,79886790,0.07988679
France,FRA,0.03850682016421,522708770,0.52270877
Gabon,GAB,0.000201616425984,14627409,0.014627409
"Gambia, The",GMB,1.9730871183015E-05,1535454.8,0.0015354548
Georgia,GEO,0.000216392941069,20624138,0.020624138
Germany,DEU,0.054749629141798,1205956200,1.2059562
Ghana,GHA,0.00053031457716,24352054,0.024352054
Greece,GRC,0.003671338094133,92779830,0.09277983
Grenada,GRD,1.38180737297906E-05,76036.34,7.603634E-05
Guatemala,GTM,0.000791792740619,73037840,0.07303784
Guinea,GIN,0.00011697076451,7912782,0.007912782
Guinea-Bissau,GNB,1.57342126237056E-05,4055662,0.004055662
Guyana,GUY,6.73859035154634E-05,8279806,0.008279806
Haiti,HTI,0.000227045635392,7006645,0.007006645
Honduras,HND,0.000265279430519,28768760,0.02876876
"Hong Kong SAR, China",HKG,0.003895355434875,33701470,0.03370147
Hungary,HUN,0.001937946162379,102626960,0.10262696
Iceland,ISL,0.000247068719438,3063515,0.003063515
India,IND,0.021572815668777,1480606200,1.4806062
Indonesia,IDN,0.009914425539068,1235269500,1.2352695
"Iran, Islamic Rep.",IRN,0.005678098685736,282937700,0.2829377
Iraq,IRQ,0.001755785742228,192661180,0.19266118
Ireland,IRL,0.003506516501399,49633268,0.049633268
Israel,ISR,0.003798607860126,35778188,0.035778188
Italy,ITA,0.033583402885893,448557570,0.44855757
Jamaica,JAM,0.00024595406354,6482083.5,0.0064820835
Japan,JPN,0.075354913792837,1053351550,1.05335155
Jordan,JOR,0.000446916173237,11825499,0.011825499
Kazakhstan,KAZ,0.001970442732281,418332130,0.41833213
Kenya,KEN,0.000873301497231,122053400,0.1220534
Kiribati,KIR,2.75525618825597E-06,41270.35,4.127035E-05
"Korea, Dem. People's Rep.",PRK,0,237671470,0.23767147
"Korea, Rep.",KOR,0.017242312375029,244630940,0.24463094
Kuwait,KWT,0.001391083067058,55783228,0.055783228
Kyrgyz Republic,KGZ,9.0519706011638E-05,33620070,0.03362007
Lao PDR,LAO,0.000140098027026,21228552,0.021228552
Latvia,LVA,0.000340075974267,26299650,0.02629965
Lebanon,LBN,0.000535851649016,9342569,0.009342569
Lesotho,LSO,2.9760730083438E-05,3012390.8,0.0030123908
Liberia,LBR,4.05909794570072E-05,6775994.5,0.0067759945
Libya,LBY,0.001107738515125,81482856,0.081482856
Liechtenstein,LIE,2.33846635317637E-06,36398.035,3.6398035E-05
Lithuania,LTU,0.000530579589268,52638084,0.052638084
Luxembourg,LUX,0.000805165578656,9974320,0.00997432
"Macao SAR, China",MAC,0.000443269472061,1042234.9,0.0010422349
Madagascar,MDG,0.000159263502958,63942580,0.06394258
Malawi,MWI,0.000108488395945,15946111,0.015946111
Malaysia,MYS,0.003373183789182,320716700,0.3207167
Maldives,MDV,4.54414433375849E-05,150428.36,0.00015042836
Mali,MLI,0.000155580024843,19504632,0.019504632
Malta,MLT,0.000136821765613,2132382.8,0.0021323828
Mauritania,MRT,7.98389460840038E-05,10828571,0.010828571
Mauritius,MUS,0.000143079041024,1639906,0.001639906
Mexico,MEX,0.017575579162488,597508030,0.59750803
"Micronesia, Fed. Sts.",FSM,5.63367013626547E-06,-142190.25,-0.00014219025
Moldova,MDA,0.000109805402683,47498172,0.047498172
Mongolia,MNG,0.000116029708343,50618076,0.050618076
Montenegro,MNE,4.23456107587682E-05,3430686,0.003430686
Morocco,MAR,0.001323985234522,63526930,0.06352693
Mozambique,MOZ,0.000150826596626,37338476,0.037338476
Myanmar,MMR,0.00049010909673,147825550,0.14782555
Namibia,NAM,0.000128042671243,7230333,0.007230333
Nauru,NRU,1.83673164069222E-06,160580.31,0.00016058031
Nepal,NPL,0.000296565812711,45279450,0.04527945
Netherlands,NLD,0.01204570014549,205043780,0.20504378
New Zealand,NZL,0.002485627839712,81611490,0.08161149
Nicaragua,NIC,0.000156087731707,37588252,0.037588252
Niger,NER,0.000116553771405,13193183,0.013193183
Nigeria,NGA,0.005087523942331,414677100,0.4146771
North Macedonia,MKD,0.000132762159156,17245716,0.017245716
Norway,NOR,0.00578988754538,58533304,0.058533304
Oman,OMN,0.000957280842642,26390092,0.026390092
Pakistan,PAK,0.003756678333677,184178700,0.1841787
Palau,PLW,4.47031331813893E-06,161415.03,0.00016141503
Panama,PAN,0.000555867687268,19348798,0.019348798
Papua New Guinea,PNG,0.000256253833562,35323910,0.03532391
Paraguay,PRY,0.000464696291813,72024616,0.072024616
Peru,PER,0.002136382959039,93359930,0.09335993
Philippines,PHL,0.003526247840413,240153300,0.2401533
Poland,POL,0.005777035371384,591047040,0.59104704
Portugal,PRT,0.003443577800009,48782280,0.04878228
Qatar,QAT,0.001242022727289,22483884,0.022483884
Romania,ROU,0.00235216900805,278003740,0.27800374
Russian Federation,RUS,0.019138374297844,3187918300,3.1879183
Rwanda,RWA,8.78421945789709E-05,10068670,0.01006867
Samoa,WSM,1.15564042571356E-05,286064.97,0.00028606497
Sao Tome and Principe,STP,3.34958310017476E-06,378059.78,0.00037805978
Saudi Arabia,SAU,0.008091877375667,263125700,0.2631257
Senegal,SEN,0.000232350792671,13487422,0.013487422
Serbia,SRB,0.000483720066586,73741460,0.07374146
Seychelles,SYC,1.8863203287557E-05,255343.1,0.0002553431
Sierra Leone,SLE,8.53380077281065E-05,9915198,0.009915198
Singapore,SGP,0.00329503162158,39519076,0.039519076
Slovak Republic,SVK,0.001067712338298,70342150,0.07034215
Slovenia,SVN,0.000610051932389,21739706,0.021739706
Solomon Islands,SLB,1.75430534899542E-05,1335150.1,0.0013351501
Somalia,SOM,6.20155003157463E-05,34059176,0.034059176
South Africa,ZAF,0.004738715223175,459085300,0.4590853
South Sudan,SSD,5.67666836359679E-05,43902656,0.043902656
Spain,ESP,0.018827435335886,254354450,0.25435445
Sri Lanka,LKA,0.000894178860077,25889448,0.025889448
St. Kitts and Nevis,KNA,1.24333770605085E-05,44992.547,4.4992547E-05
St. Lucia,LCA,2.81039460404076E-05,293039.75,0.00029303975
St. Vincent and the Grenadines,VCT,1.16778850970889E-05,136675.53,0.00013667553
Sudan,SDN,0.000727940841487,68324230,0.06832423
Suriname,SUR,6.72754795867052E-05,4933971,0.004933971
Sweden,SWE,0.007332087120149,68378500,0.0683785
Switzerland,CHE,0.010595187453684,50608860,0.05060886
Syrian Arab Republic,SYR,0.000364985268327,58688010,0.05868801
Tajikistan,TJK,0.000107397947837,21479352,0.021479352
Tanzania,TZA,0.000512720423696,106570000,0.10657
Thailand,THA,0.005026516561225,281267000,0.281267
Timor-Leste,TLS,1.82492132095668E-05,3759504,0.003759504
Togo,TGO,7.5051351211751E-05,7207506.5,0.0072075065
Tonga,TON,7.15966469315773E-06,190241.47,0.00019024147
Trinidad and Tobago,TTO,0.000295337209043,20588392,0.020588392
Tunisia,TUN,0.000579307175387,22089388,0.022089388
Turkiye,TUR,0.00989474883657,231175440,0.23117544
Turkmenistan,TKM,0.000350823423524,83044950,0.08304495
Turks and Caicos Islands,TCA,4.18025423490031E-06,4865.469,4.865469E-06
Tuvalu,TUV,5.56119332855098E-07,6436.324,6.436324E-06
Uganda,UGA,0.000331687898753,45660700,0.0456607
Ukraine,UKR,0.001985817776006,917532800,0.9175328
United Arab Emirates,ARE,0.004354951562074,68704030,0.06870403
United Kingdom,GBR,0.044068477265395,762011300,0.7620113
United States,USA,0.265258933138555,6060157400,6.0601574
Uruguay,URY,0.000741701388464,26504462,0.026504462
Uzbekistan,UZB,0.000926900211862,155588080,0.15558808
Vanuatu,VUT,1.04063790301486E-05,1759299.4,0.0017592994
"Venezuela, RB",VEN,0,214117010,0.21411701
Viet Nam,VNM,0.002489678824178,114521790,0.11452179
"Yemen, Rep.",YEM,0.000643169432594,19994908,0.019994908
Zambia,ZMB,0.000226089802073,65974890,0.06597489
Zimbabwe,ZWE,0.00032950126494,47933020,0.04793302
